time,long,lat,dt,H,Roll,pitch,yaw,S,truckSpeed,truck_Lat,truck_long,Tension
0,130.188964,33.1468,0.15,62.94,-1,-54,-1,10,0,33.146992,130.1888599,0
0.15,130.188964,33.1468,0.15,63.07,-1,-54,-1,10,0.24076,33.14699278,130.1888597,0
0.3,130.188964,33.1468,0.15,62.88,-1,-54,-1,10,0.463,33.14699305,130.1888595,0
0.45,130.188964,33.1468,0.15,62.88,-1,-54,-1,10,3.12062,33.14699344,130.1888593,0
0.6,130.188964,33.1468,0.15,62.88,-1,-54,-1,10,4.11144,33.14699465,130.1888584,4.53
0.75,130.188964,33.1468,0.15,62.75,-1,-54,-1,10,5.54674,33.14699629,130.1888569,11.325
0.9,130.188964,33.1468,0.15,62.75,-1,-54,-1,10,6.68572,33.14699827,130.1888551,13.59
1.05,130.188964,33.1468,0.15,62.75,-1,-54,-1,10,7.63024,33.14700067,130.1888531,15.855
1.2,130.188964,33.1468,0.15,62.75,-1,-54,-1,10,8.74144,33.1470034,130.188851,13.59
1.35,130.188964,33.1468,0.15,62.88,-2,-54,-2,10,9.41742,33.14700643,130.1888486,20.385
1.5,130.188964,33.1468,0.15,62.5,-2,-54,-2,10,10.44528,33.1470097,130.188846,18.12
1.65,130.188964,33.1468,0.15,62.5,-2,-54,-2,10,11.23238,33.14701317,130.1888431,20.385
1.8,130.188964,33.1468,0.15,62.5,-2,-61,-3,10,11.70464,33.14701682,130.18884,31.71
1.95,130.188964,33.1468,0.15,62.5,-1,-59,-1,10,12.55656,33.14702078,130.1888369,47.565
2.1,130.188964,33.1468,0.15,62.5,0,-53,0,10,13.87148,33.1470251,130.1888335,72.48
2.25,130.188964,33.146808,0.15,62.5,0,-53,0,10,14.76044,33.14702974,130.1888297,74.745
2.4,130.188964,33.146808,0.15,62.5,3,-50,2,10,15.33456,33.14703458,130.1888258,86.07
2.55,130.188964,33.146808,0.15,63.38,4,-48,3,10,16.21426,33.14703973,130.1888218,101.925
2.7,130.188949,33.146816,0.15,63.38,4,-47,2,10,16.964319,33.14704508,130.1888176,131.37
2.85,130.188949,33.146816,0.15,63.38,4,-47,2,10,17.86254,33.1470507,130.1888131,185.73
3,130.188949,33.146816,0.15,63.25,4,-46,2,10,18.59408,33.14705662,130.1888083,244.62
3.15,130.188949,33.146816,0.15,63.63,4,-46,3,10,19.1033805,33.14706267,130.1888035,251.415
3.3,130.188949,33.146816,0.15,63.63,4,-49,3,10,19.87196,33.14706887,130.1887984,249.15
3.45,130.188949,33.146839,0.15,63.63,4,-49,3,10,20.3164395,33.14707543,130.1887933,215.175
3.6,130.188934,33.146839,0.15,63.82,3,-49,2,10,21.298,33.14708223,130.1887878,199.32
3.75,130.188934,33.146846,0.15,63.82,3,-46,2,10,21.8906395,33.14708925,130.1887823,181.2
3.9,130.188919,33.14685,0.15,64.5,1,-48,1,10,22.631439,33.14709638,130.1887766,176.67
4.05,130.188919,33.14685,0.15,64.5,1,-48,1,10,23.0110995,33.14710344,130.1887712,172.14
4.2,130.188919,33.14685,0.15,64.5,0,-48,0,10,23.37224,33.14711052,130.1887658,149.49
4.35,130.188903,33.146869,0.15,64.88,-2,-53,-1,10,23.60374,33.14711761,130.1887604,147.225
4.5,130.188888,33.146877,0.15,64.88,-3,-50,-3,10,24.18712,33.14712483,130.1887547,140.43
4.65,130.188888,33.146877,0.15,64.88,-3,-50,-3,10,24.5482595,33.14713223,130.1887487,142.695
4.8,130.188888,33.146877,0.15,64.88,-4,-48,-4,10,24.520479,33.14713963,130.1887429,144.96
4.95,130.188873,33.146896,0.15,66.32,-7,-47,-6,10,24.7149405,33.14714709,130.1887372,149.49
5.1,130.188858,33.146907,0.15,67.44,-7,-44,-5,10,25.205721,33.14715472,130.1887315,172.14
5.25,130.188858,33.146907,0.15,67.44,-7,-44,-5,10,25.715019,33.14716264,130.1887257,169.875
5.4,130.188858,33.146907,0.15,67.44,-7,-42,-4,10,26.002081,33.14717075,130.1887198,181.2
5.55,130.188858,33.146907,0.15,70.13,-7,-36,0,10,26.36322,33.14717898,130.1887138,174.405
5.7,130.188858,33.146907,0.15,70.13,-7,-28,3,10,27.16884,33.14718725,130.1887078,172.14
5.85,130.188858,33.146972,0.15,70.13,-7,-28,3,10,27.2058805,33.14719553,130.1887015,172.14
6,130.188796,33.146972,0.15,72.75,-8,-25,5,10,27.2244,33.14720387,130.1886954,167.61
6.15,130.188781,33.146987,0.15,72.75,-6,-20,11,10,27.78,33.14721225,130.1886891,154.02
6.3,130.188766,33.147003,0.15,74.69,-4,-15,16,10,28.35412,33.14722093,130.1886828,154.02
6.45,130.188766,33.147003,0.15,74.69,-4,-15,16,10,28.62266,33.14722966,130.1886765,154.02
6.6,130.188766,33.147014,0.15,74.69,-1,-13,18,10,28.53932,33.14723835,130.1886703,167.61
6.75,130.188751,33.147033,0.15,75.32,4,-11,18,10,29.0301,33.14724728,130.1886639,163.08
6.9,130.188751,33.147048,0.15,75.32,5,-8,6,10,29.55792,33.14725617,130.1886574,158.55
7.05,130.188751,33.147048,0.15,75.32,5,-8,6,10,29.6597805,33.14726522,130.1886509,138.165
7.2,130.188751,33.147048,0.15,75.32,6,-5,-1,10,29.576441,33.14727425,130.1886443,122.31
7.35,130.18872,33.147075,0.15,75.82,6,-5,-8,10,29.93758,33.14728349,130.1886377,120.045
7.5,130.188705,33.14709,0.15,76,5,-4,-6,10,30.13204,33.14729293,130.1886309,113.25
7.65,130.188705,33.14709,0.15,76,5,-4,-6,10,30.4931805,33.14730248,130.188624,86.07
7.8,130.188705,33.14709,0.15,76,3,-4,-5,10,30.52096,33.14731198,130.1886172,58.89
7.95,130.188674,33.147121,0.15,76.32,-2,-2,-4,10,30.49318,33.14732142,130.1886106,58.89
8.1,130.188659,33.147136,0.15,76.32,-5,-1,5,10,31.650681,33.14733117,130.1886034,40.77
8.25,130.188659,33.147136,0.15,76.32,-5,-1,5,10,31.9933005,33.14734113,130.1885961,65.685
8.4,130.188659,33.147136,0.15,77.13,-6,-1,10,10,31.854401,33.14735118,130.1885889,45.3
8.55,130.188644,33.147171,0.15,77.13,-5,0,14,10,31.77106,33.14736117,130.1885816,38.505
8.7,130.188644,33.14719,0.15,77.75,-1,-1,15,10,31.72476,33.14737113,130.1885745,122.31
8.85,130.188644,33.14719,0.15,77.75,-1,-1,15,10,32.1322005,33.14738127,130.1885673,58.89
9,130.188644,33.14719,0.15,77.75,0,0,14,10,31.872919,33.14739135,130.1885602,58.89
9.15,130.188629,33.147228,0.15,78.75,1,1,14,10,31.928481,33.14740156,130.188553,70.215
9.3,130.188613,33.147243,0.15,78.75,3,5,12,10,31.53956,33.14741157,130.1885457,63.42
9.45,130.188613,33.147243,0.15,78.75,3,5,12,10,31.2061995,33.14742159,130.1885385,110.985
9.6,130.188613,33.147243,0.15,78.75,3,7,11,10,30.40984,33.14743147,130.1885312,95.13
9.75,130.188598,33.147277,0.15,79.25,5,9,10,10,30.9284005,33.14744104,130.1885241,129.105
9.9,130.188598,33.147277,0.15,79.75,6,12,10,10,30.872841,33.14745107,130.1885174,131.37
10.05,130.188598,33.147277,0.15,79.75,6,12,10,10,30.9561795,33.14746118,130.1885102,133.635
10.2,130.188598,33.147277,0.15,79.75,7,13,9,10,31.891439,33.1474713,130.1885033,167.61
10.35,130.188583,33.147319,0.15,79.5,7,14,7,10,30.8821,33.14748173,130.188496,131.37
10.5,130.188583,33.147319,0.15,79.5,8,13,5,10,32.02108,33.14749185,130.1884887,117.78
10.65,130.188583,33.147346,0.15,79.5,8,13,5,10,32.41,33.14750244,130.1884814,113.25
10.8,130.188552,33.147346,0.15,79.25,8,13,2,10,32.724838,33.14751303,130.188474,90.6
10.95,130.188552,33.147357,0.15,79.25,9,8,0,10,33.2063595,33.14752376,130.1884666,88.335
11.1,130.188537,33.147369,0.15,79.19,8,8,-3,10,33.502682,33.14753462,130.188459,77.01
11.25,130.188537,33.147369,0.15,79.19,8,8,-3,10,33.80826,33.14754553,130.1884515,97.395
11.4,130.188537,33.147369,0.15,79.19,8,4,-3,10,34.41016,33.14755668,130.1884438,95.13
11.55,130.188522,33.147392,0.15,78.57,6,3,-3,10,34.90094,33.14756798,130.1884359,106.455
11.7,130.188507,33.147403,0.15,78.57,5,1,-2,10,35.651001,33.1475795,130.1884279,104.19
11.85,130.188507,33.147403,0.15,78.57,5,1,-2,10,35.8269405,33.14759123,130.1884199,113.25
12,130.188507,33.147403,0.15,78.57,4,-1,-1,10,36.095482,33.14760313,130.1884117,135.9
12.15,130.188491,33.147434,0.15,78.32,2,-3,0,10,36.40106,33.14761523,130.1884033,142.695
12.3,130.188491,33.147434,0.15,78.82,2,-3,0,10,36.98444,33.14762753,130.1883949,149.49
12.45,130.188491,33.147468,0.15,78.82,2,-3,0,10,37.2992805,33.14763993,130.1883864,158.55
12.6,130.188476,33.147468,0.15,78.82,3,-2,2,10,37.317799,33.14765248,130.1883778,144.96
12.75,130.188476,33.147468,0.15,78.82,4,0,4,10,37.540039,33.14766508,130.1883691,147.225
12.9,130.188446,33.147502,0.15,79.13,3,3,3,10,37.76228,33.14767785,130.1883603,131.37
13.05,130.188446,33.147502,0.15,79.13,3,3,3,10,37.89192,33.14769056,130.1883515,140.43
13.2,130.188446,33.147502,0.15,79.13,3,4,2,10,37.98452,33.14770325,130.1883428,135.9
13.35,130.18843,33.147537,0.15,79.38,3,6,0,10,38.5401195,33.14771613,130.1883337,138.165
13.5,130.18843,33.147537,0.15,79.38,3,6,0,10,38.484558,33.14772902,130.1883247,135.9
13.65,130.18843,33.147567,0.15,79.38,3,6,0,10,38.345659,33.14774187,130.1883157,133.635
13.8,130.1884,33.147567,0.15,78.88,3,6,-1,10,38.20676,33.14775465,130.1883069,135.9
13.95,130.1884,33.147567,0.15,78.88,2,3,-2,10,38.141939,33.14776747,130.1882979,135.9
14.1,130.188369,33.147594,0.15,78.44,2,1,-2,10,38.095638,33.14778027,130.188289,144.96
14.25,130.188369,33.147613,0.15,78.44,2,1,-2,10,38.1141585,33.14779315,130.18828,147.225
14.4,130.188354,33.147613,0.15,78.19,1,0,-2,10,38.132679,33.14780603,130.1882712,144.96
14.55,130.188354,33.147613,0.15,78.19,0,-1,-1,10,38.1048985,33.1478188,130.1882624,138.165
14.7,130.188339,33.147644,0.15,78,-2,-2,0,10,38.040081,33.14783147,130.1882537,131.37
14.85,130.188339,33.147644,0.15,78,-2,-2,0,10,37.9567395,33.14784413,130.188245,108.72
15,130.188339,33.147644,0.15,78,-2,-1,2,10,37.928959,33.14785682,130.1882362,117.78
15.15,130.188308,33.147674,0.15,78.57,-3,0,5,10,37.98452,33.14786951,130.1882273,106.455
15.3,130.188308,33.147674,0.15,78.57,-3,0,7,10,38.095638,33.14788233,130.1882183,95.13
15.45,130.188293,33.147712,0.15,78.57,-3,0,7,10,38.0215605,33.14789513,130.1882097,104.19
15.6,130.188293,33.147712,0.15,78.57,-3,0,7,10,38.39196,33.14790813,130.1882009,99.66
15.75,130.188278,33.147731,0.15,78.57,-1,0,8,10,38.336401,33.1479209,130.1881921,108.72
15.9,130.188278,33.147731,0.15,78.69,0,0,9,10,38.466042,33.14793357,130.1881832,113.25
16.05,130.188278,33.147762,0.15,78.69,0,0,9,10,38.438259,33.14794609,130.1881744,108.72
16.2,130.188262,33.147762,0.15,78.69,0,0,9,10,38.540119,33.14795858,130.1881655,108.72
16.35,130.188262,33.147762,0.15,78.69,0,1,9,10,38.540119,33.1479711,130.1881567,120.045
16.5,130.188232,33.1478,0.15,78.57,1,0,9,10,38.55864,33.14798362,130.1881479,126.84
16.65,130.188232,33.1478,0.15,78.57,1,0,9,10,38.8271805,33.14799616,130.188139,122.31
16.8,130.188232,33.1478,0.15,78.57,2,1,9,10,38.836441,33.14800872,130.1881301,135.9
16.95,130.188217,33.147838,0.15,79.19,3,3,9,10,38.79014,33.14802125,130.1881213,140.43
17.1,130.188217,33.147838,0.15,79.5,4,5,8,10,39.1698,33.14803383,130.1881124,149.49
17.25,130.188217,33.147876,0.15,79.5,4,5,8,10,39.040161,33.14804641,130.1881036,154.02
17.4,130.188201,33.147876,0.15,79.5,4,5,8,10,39.114239,33.14805907,130.1880948,140.43
17.55,130.188201,33.147876,0.15,79.63,5,5,7,10,39.3087005,33.14807169,130.1880859,156.285
17.7,130.188171,33.147907,0.15,79.63,6,6,6,10,39.37352,33.14808447,130.1880769,154.02
17.85,130.188171,33.147907,0.15,79.63,6,6,6,10,39.3920405,33.14809728,130.1880679,154.02
18,130.188171,33.147907,0.15,78.94,7,6,5,10,39.540199,33.14811025,130.1880589,144.96
18.15,130.188156,33.147941,0.15,78.94,7,4,4,10,39.410561,33.14812315,130.1880499,149.49
18.3,130.188156,33.147941,0.15,79.25,7,3,2,10,39.410561,33.14813602,130.1880411,149.49
18.45,130.18814,33.147972,0.15,79.25,7,3,2,10,39.429081,33.1481489,130.1880322,154.02
18.6,130.18814,33.147972,0.15,79.25,7,3,2,10,39.503159,33.14816175,130.1880233,140.43
18.75,130.18814,33.147972,0.15,79,7,2,0,10,39.5865005,33.14817473,130.1880143,144.96
18.9,130.18811,33.148006,0.15,79,6,0,0,10,39.910599,33.14818775,130.1880053,144.96
19.05,130.18811,33.148006,0.15,79,6,0,0,10,39.8920805,33.14820085,130.1879962,142.695
19.2,130.18811,33.148006,0.15,78.75,6,0,-1,10,39.892078,33.14821402,130.1879871,154.02
19.35,130.188079,33.14804,0.15,78.75,5,0,-3,10,39.8828205,33.14822731,130.1879781,142.695
19.5,130.188079,33.14804,0.15,78.75,4,0,-4,10,39.892078,33.1482406,130.1879689,131.37
19.65,130.188079,33.148071,0.15,78.75,4,0,-4,10,40.1513595,33.14825389,130.1879597,131.37
19.8,130.188049,33.148071,0.15,78.19,2,1,-5,10,40.058762,33.14826718,130.1879505,122.31
19.95,130.188034,33.14809,0.15,78.44,0,1,-5,10,40.1420995,33.1482805,130.1879413,126.84
20.1,130.188018,33.148109,0.15,78.44,-3,1,-1,10,40.206921,33.14829388,130.187932,117.78
20.25,130.188018,33.148109,0.15,78.44,-3,1,-1,10,40.1884,33.14830719,130.1879227,110.985
20.4,130.188018,33.148109,0.15,78.75,-3,1,1,10,40.206921,33.14832057,130.1879134,108.72
20.55,130.187988,33.148143,0.15,78.75,-4,2,4,10,40.1328395,33.14833377,130.1879043,106.455
20.7,130.187988,33.148143,0.15,78.75,-3,2,4,10,40.132839,33.14834707,130.1878951,104.19
20.85,130.187988,33.148181,0.15,78.75,-3,2,4,10,40.06802,33.14836035,130.187886,113.25
21,130.187973,33.148181,0.15,78.75,-3,3,2,10,40.021721,33.14837355,130.187877,135.9
21.15,130.187973,33.148181,0.15,78.75,-1,4,1,10,40.003201,33.14838679,130.1878678,131.37
21.3,130.187973,33.148181,0.15,78.75,-1,4,1,10,39.96616,33.14839998,130.1878587,131.37
21.45,130.187973,33.148235,0.15,78.75,-1,4,1,10,39.8087405,33.14841305,130.1878496,135.9
21.6,130.187927,33.148235,0.15,79.25,-1,4,0,10,39.614281,33.14842598,130.1878406,135.9
21.75,130.187927,33.148235,0.15,79.25,-2,5,1,10,39.716141,33.14843884,130.1878317,129.105
21.9,130.187896,33.148273,0.15,78.88,-2,6,2,10,39.76244,33.14845165,130.1878228,126.84
22.05,130.187896,33.148273,0.15,78.88,-2,6,2,10,39.46612,33.14846433,130.187814,131.37
22.2,130.187896,33.148273,0.15,78.88,-3,6,2,10,39.521679,33.148477,130.1878052,135.9
22.35,130.187881,33.148307,0.15,79.32,-3,7,4,10,39.5401995,33.14848961,130.1877965,133.635
22.5,130.187881,33.148307,0.15,79.32,-3,7,5,10,39.614281,33.14850227,130.1877876,122.31
22.65,130.187881,33.148342,0.15,79.32,-3,7,5,10,39.6605795,33.14851495,130.1877789,124.575
22.8,130.18785,33.148342,0.15,78.88,-3,7,6,10,39.725399,33.1485276,130.1877703,135.9
22.95,130.18785,33.148357,0.15,78.88,-2,6,7,10,39.7161385,33.14854021,130.1877618,142.695
23.1,130.187835,33.148376,0.15,78.82,0,4,7,10,39.688358,33.1485528,130.1877532,144.96
23.25,130.187835,33.148376,0.15,78.82,0,4,7,10,39.716139,33.14856555,130.1877447,131.37
23.4,130.187835,33.148376,0.15,78.82,0,3,6,10,39.725399,33.14857827,130.1877362,135.9
23.55,130.18782,33.14841,0.15,79,0,2,5,10,39.7624395,33.14859104,130.1877275,135.9
23.7,130.187805,33.148429,0.15,79,1,2,4,10,39.79948,33.14860387,130.1877188,135.9
23.85,130.187805,33.148429,0.15,79,1,2,4,10,39.8087405,33.14861666,130.1877101,131.37
24,130.187805,33.148429,0.15,78.94,1,2,3,10,39.836521,33.14862952,130.1877014,126.84
24.15,130.187774,33.14846,0.15,78.94,1,3,2,10,39.88282,33.14864238,130.1876927,106.455
24.3,130.187774,33.148479,0.15,78.69,0,4,2,10,39.873562,33.14865523,130.187684,117.78
24.45,130.187774,33.148494,0.15,78.69,0,4,2,10,39.929119,33.14866812,130.1876752,126.84
24.6,130.187759,33.148494,0.15,78.69,0,4,1,10,39.947639,33.14868105,130.1876663,122.31
24.75,130.187759,33.148494,0.15,78.75,-1,4,1,10,39.929119,33.14869393,130.1876575,115.515
24.9,130.187728,33.148532,0.15,78.75,-2,5,2,10,39.910599,33.14870685,130.1876486,95.13
25.05,130.187713,33.148548,0.15,78.75,-2,5,2,10,39.855042,33.14871968,130.1876398,92.865
25.2,130.187713,33.148548,0.15,78.32,-3,5,2,10,39.836521,33.14873255,130.1876309,86.07
25.35,130.187713,33.148548,0.15,78.32,-4,4,3,10,39.836521,33.14874544,130.187622,88.335
25.5,130.187713,33.148548,0.15,78.44,-4,5,6,10,39.855042,33.14875835,130.1876129,95.13
25.65,130.187713,33.148548,0.15,78.44,-4,5,6,10,39.8550415,33.14877132,130.1876038,122.31
25.8,130.187683,33.148601,0.15,78.44,-4,5,6,10,39.818001,33.14878425,130.1875947,140.43
25.95,130.187667,33.148616,0.15,78.75,-4,4,6,10,39.8087405,33.14879727,130.1875856,149.49
26.1,130.187652,33.148635,0.15,78.75,-3,5,4,10,39.818001,33.14881027,130.1875763,172.14
26.25,130.187652,33.148635,0.15,78.75,-3,5,4,10,39.8457815,33.1488232,130.1875672,185.73
26.4,130.187652,33.148635,0.15,79,-2,6,3,10,39.855042,33.14883613,130.187558,194.79
26.55,130.187637,33.148666,0.15,79,-2,5,3,10,39.7716995,33.14884903,130.1875489,197.055
26.7,130.187637,33.148666,0.15,78.75,-3,4,2,10,39.669842,33.14886192,130.1875397,181.2
26.85,130.187637,33.148704,0.15,78.75,-3,4,2,10,39.651321,33.14887482,130.1875304,172.14
27,130.187606,33.148704,0.15,78.75,-4,5,3,10,39.651321,33.1488877,130.1875212,154.02
27.15,130.187591,33.148719,0.15,78.88,-4,7,3,10,39.6050205,33.14890047,130.1875121,149.49
27.3,130.187591,33.148719,0.15,78.88,-4,7,3,10,39.614281,33.14891327,130.1875029,140.43
27.45,130.187591,33.14875,0.15,78.88,-4,7,3,10,39.6050205,33.14892608,130.1874936,131.37
27.6,130.187561,33.14875,0.15,78.75,-4,6,3,10,39.688358,33.14893895,130.1874843,113.25
27.75,130.187561,33.14875,0.15,78.75,-3,6,1,10,39.6698395,33.14895183,130.1874751,131.37
27.9,130.187545,33.14878,0.15,77.63,-2,2,0,10,39.706879,33.14896473,130.187466,144.96
28.05,130.187545,33.14878,0.15,77.63,-2,2,0,10,39.7439195,33.14897772,130.1874568,149.49
28.2,130.187545,33.14878,0.15,77.63,-2,0,-2,10,39.76244,33.14899062,130.1874477,154.02
28.35,130.187515,33.148811,0.15,76.88,-2,0,-3,10,39.7717,33.14900347,130.1874385,167.61
28.5,130.187515,33.14883,0.15,76.88,-4,-1,-3,10,39.76244,33.14901628,130.1874294,167.61
28.65,130.187515,33.14883,0.15,76.88,-4,-1,-3,10,39.7439195,33.14902909,130.1874203,185.73
28.8,130.187515,33.14883,0.15,76.88,-5,-2,-2,10,39.725399,33.14904193,130.1874112,176.67
28.95,130.187484,33.148864,0.15,76.82,-6,-1,0,10,39.78096,33.14905484,130.187402,169.875
29.1,130.187484,33.148864,0.15,78,-8,2,2,10,39.855042,33.1490678,130.1873928,172.14
29.25,130.187484,33.148899,0.15,78,-8,2,2,10,39.88282,33.14908072,130.1873837,167.61
29.4,130.187454,33.148899,0.15,78,-8,3,1,10,39.855042,33.14909357,130.1873745,176.67
29.55,130.187454,33.148899,0.15,78,-8,5,0,10,39.864302,33.14910642,130.1873653,163.08
29.7,130.187423,33.148937,0.15,78.19,-8,7,0,10,39.78096,33.1491192,130.1873562,158.55
29.85,130.187423,33.148948,0.15,78.19,-8,7,0,10,39.7439195,33.14913205,130.187347,149.49
30,130.187408,33.148948,0.15,77.75,-8,7,0,10,39.76244,33.1491449,130.1873379,149.49
30.15,130.187408,33.148948,0.15,77.75,-9,5,0,10,39.827261,33.14915771,130.1873289,144.96
30.3,130.187393,33.148983,0.15,76.88,-8,3,1,10,39.836521,33.14917052,130.1873198,140.43
30.45,130.187393,33.148983,0.15,76.88,-8,3,1,10,39.7531795,33.14918323,130.1873107,147.225
30.6,130.187393,33.148983,0.15,76.88,-8,3,2,10,39.743919,33.14919602,130.1873016,140.43
30.75,130.187362,33.149017,0.15,76.82,-8,1,3,10,39.87356,33.14920872,130.1872925,149.49
30.9,130.187362,33.149017,0.15,76.82,-9,1,4,10,39.892078,33.14922148,130.1872833,163.08
31.05,130.187362,33.149055,0.15,76.82,-9,1,4,10,39.9106005,33.14923425,130.1872741,163.08
31.2,130.187347,33.149055,0.15,77.5,-10,1,4,10,39.910599,33.149247,130.187265,190.26
31.35,130.187347,33.149055,0.15,77.5,-9,2,5,10,39.910599,33.14925968,130.1872559,185.73
31.5,130.187316,33.149093,0.15,77.75,-9,2,7,10,39.929119,33.14927237,130.1872468,172.14
31.65,130.187316,33.149093,0.15,77.75,-9,2,7,10,39.947639,33.14928503,130.1872376,167.61
31.8,130.187316,33.149093,0.15,77.75,-8,3,8,10,39.96616,33.14929765,130.1872284,154.02
31.95,130.187301,33.149127,0.15,78.19,-8,3,9,10,40.012461,33.14931036,130.1872192,158.55
32.1,130.187286,33.149147,0.15,78.19,-6,4,10,10,40.077278,33.14932315,130.1872099,149.49
32.25,130.187286,33.149162,0.15,78.19,-6,4,10,10,40.3458195,33.14933595,130.1872008,144.96
32.4,130.187286,33.149162,0.15,78.32,-5,5,9,10,40.39212,33.1493488,130.1871915,140.43
32.55,130.187271,33.149181,0.15,78.32,-4,5,8,10,40.4847205,33.14936177,130.1871822,138.165
32.7,130.187255,33.1492,0.15,78.44,-2,5,7,10,40.57732,33.14937485,130.1871727,144.96
32.85,130.187255,33.1492,0.15,78.44,-2,5,7,10,40.632881,33.14938789,130.1871633,147.225
33,130.18724,33.149215,0.15,78.44,-1,4,5,10,40.743999,33.14940105,130.1871538,154.02
33.15,130.187225,33.149234,0.15,77.88,0,4,4,10,40.7810405,33.14941423,130.1871443,142.695
33.3,130.187225,33.149234,0.15,77.88,0,3,4,10,40.855122,33.14942753,130.1871347,144.96
33.45,130.187225,33.149234,0.15,77.88,0,3,4,10,40.9477195,33.14944088,130.1871251,149.49
33.6,130.187225,33.149234,0.15,77.88,0,2,2,10,40.98476,33.14945417,130.1871155,149.49
33.75,130.187194,33.149288,0.15,77.5,-2,5,-1,10,40.9755,33.14946741,130.187106,151.755
33.9,130.187194,33.149288,0.15,78.13,-2,5,-1,10,41.318119,33.14948073,130.1870965,154.02
34.05,130.187194,33.149288,0.15,78.13,-2,5,-1,10,41.327379,33.14949418,130.1870869,156.285
34.2,130.187194,33.149288,0.15,78.13,-4,7,-2,10,41.336639,33.14950763,130.1870775,176.67
34.35,130.187149,33.149341,0.15,78,-4,8,-1,10,41.3273795,33.14952103,130.1870682,181.2
34.5,130.187149,33.149341,0.15,78,-5,8,0,10,41.336639,33.14953435,130.187059,190.26
34.65,130.187149,33.149372,0.15,78,-5,8,0,10,41.3922,33.14954768,130.1870497,197.055
34.8,130.187118,33.149372,0.15,77.38,-8,9,0,10,41.707039,33.1495611,130.1870404,199.32
34.95,130.187103,33.149391,0.15,77.38,-8,9,1,10,41.7626,33.14957463,130.187031,187.995
35.1,130.187103,33.149406,0.15,77.07,-9,7,2,10,41.7626,33.14958813,130.1870217,190.26
35.25,130.187103,33.149406,0.15,77.07,-9,7,2,10,41.7626,33.14960167,130.1870123,163.08
35.4,130.187103,33.149406,0.15,77.07,-9,5,4,10,41.74408,33.14961513,130.187003,167.61
35.55,130.187057,33.14944,0.15,77.25,-9,5,4,10,41.707039,33.1496286,130.1869937,165.345
35.7,130.187057,33.14944,0.15,77.25,-10,4,5,10,41.651482,33.14964215,130.1869844,158.55
35.85,130.187057,33.149475,0.15,77.25,-10,4,5,10,41.66074,33.14965573,130.186975,149.49
36,130.187042,33.149475,0.15,77.07,-9,4,4,10,41.669998,33.14966928,130.1869657,149.49
36.15,130.187026,33.14949,0.15,77.07,-9,3,4,10,41.6885185,33.14968287,130.1869563,163.08
36.3,130.187026,33.14949,0.15,77.07,-9,3,3,10,41.688519,33.14969648,130.1869468,172.14
36.45,130.187026,33.149528,0.15,77.07,-9,3,3,10,41.688519,33.14971001,130.1869374,176.67
36.6,130.186996,33.149528,0.15,77.13,-8,1,2,10,41.669998,33.14972348,130.186928,167.61
36.75,130.186996,33.149528,0.15,77.13,-9,1,3,10,41.6422215,33.1497369,130.1869186,178.935
36.9,130.186981,33.149562,0.15,76.07,-10,0,4,10,41.651482,33.14975033,130.1869091,181.2
37.05,130.186981,33.149585,0.15,76.07,-10,0,4,10,41.66074,33.1497638,130.1868997,192.525
37.2,130.186965,33.149585,0.15,76.38,-11,0,6,10,41.614441,33.14977723,130.1868905,208.38
37.35,130.186965,33.149585,0.15,76.38,-12,1,7,10,41.6051805,33.14979071,130.1868814,201.585
37.5,130.186935,33.149623,0.15,77.13,-13,3,8,10,41.55888,33.14980432,130.1868724,199.32
37.65,130.186935,33.149642,0.15,77.13,-13,3,8,10,41.38294,33.14981797,130.1868634,190.26
37.8,130.18692,33.149642,0.15,77.13,-13,4,8,10,41.336639,33.14983182,130.1868546,181.2
37.95,130.18692,33.149642,0.15,77.13,-12,5,8,10,41.2903405,33.1498458,130.1868459,183.465
38.1,130.186889,33.149681,0.15,77.13,-11,5,8,10,41.15144,33.14985992,130.1868374,190.26
38.25,130.186889,33.149681,0.15,77.13,-10,6,7,10,41.05884,33.14987387,130.1868294,194.79
38.4,130.186889,33.149696,0.15,76.88,-10,5,7,10,40.688438,33.1498877,130.1868218,185.73
38.55,130.186889,33.149696,0.15,76.88,-10,4,7,10,40.614361,33.14990148,130.1868145,172.14
38.7,130.186859,33.149734,0.15,76.19,-11,3,10,10,40.503239,33.14991517,130.1868075,163.08
38.85,130.186859,33.149753,0.15,76.19,-11,3,10,10,40.1328395,33.14992885,130.1868007,151.755
39,130.186859,33.149753,0.15,76.19,-10,2,14,10,39.76244,33.14994255,130.1867941,144.96
39.15,130.186859,33.149753,0.15,76.19,-10,1,16,10,39.7531795,33.14995622,130.1867877,160.815
39.3,130.186859,33.149753,0.15,76.69,-9,0,18,10,39.669842,33.14996987,130.1867815,135.9
39.45,130.186859,33.149753,0.15,76.69,-9,0,18,10,39.4013005,33.14998348,130.1867756,129.105
39.6,130.186859,33.149753,0.15,76.88,-9,0,22,10,38.743839,33.14999697,130.1867696,131.37
39.75,130.186828,33.149837,0.15,76.88,-9,0,25,10,38.30862,33.15001028,130.1867639,115.515
39.9,130.186828,33.149837,0.15,76.88,-8,-1,34,10,38.132679,33.15002363,130.1867582,113.25
40.05,130.186828,33.149837,0.15,76.88,-8,-1,34,10,37.734501,33.15003688,130.1867527,99.66
40.2,130.186828,33.149875,0.15,77.32,-5,0,41,10,37.540039,33.15004993,130.1867473,81.54
40.35,130.186828,33.149894,0.15,77.07,-2,0,42,10,36.827019,33.15006293,130.186742,92.865
40.5,130.186828,33.149894,0.15,77.07,6,0,39,10,36.2066,33.15007573,130.1867367,67.95
40.65,130.186828,33.149936,0.15,77.07,6,0,39,10,35.81768,33.15008857,130.1867314,72.48
40.8,130.186828,33.149936,0.15,77.13,14,0,30,10,35.502838,33.15010145,130.1867262,49.83
40.95,130.186828,33.149959,0.15,77.13,17,1,25,10,35.1231805,33.1501141,130.1867209,70.215
41.1,130.186828,33.149978,0.15,77.57,20,4,17,10,34.78056,33.1501267,130.1867157,54.36
41.25,130.186828,33.149997,0.15,77.57,20,4,17,10,34.4934995,33.15013924,130.1867104,65.685
41.4,130.186813,33.149997,0.15,77.57,19,4,18,10,34.243481,33.15015157,130.1867052,67.95
41.55,130.186813,33.150016,0.15,77.69,18,5,21,10,33.5860195,33.15016359,130.1867,79.275
41.7,130.186798,33.150035,0.15,77.69,15,7,25,10,32.965599,33.15017542,130.1866949,81.54
41.85,130.186798,33.150035,0.15,77.69,15,7,25,10,32.4933395,33.15018706,130.1866897,61.155
42,130.186798,33.150051,0.15,77.63,14,7,27,10,32.00256,33.15019857,130.1866845,86.07
42.15,130.186798,33.150066,0.15,77.63,15,6,27,10,31.659941,33.15020983,130.1866792,61.155
42.3,130.186798,33.150085,0.15,78,19,5,22,10,31.058041,33.15022077,130.1866741,72.48
42.45,130.186798,33.1501,0.15,78,19,5,22,10,30.5580005,33.15023153,130.186669,99.66
42.6,130.186782,33.1501,0.15,78,21,4,10,10,29.8172,33.15024207,130.1866636,72.48
42.75,130.186782,33.1501,0.15,78.38,21,3,3,10,30.61356,33.15025244,130.1866581,88.335
42.9,130.186767,33.150127,0.15,78.38,19,1,-3,10,29.3542,33.15026277,130.1866523,45.3
43.05,130.186767,33.150142,0.15,78.38,19,1,-3,10,28.92824,33.15027252,130.1866464,77.01
43.2,130.186752,33.150142,0.15,78.44,15,0,0,10,29.076401,33.15028202,130.1866405,67.95
43.35,130.186737,33.150154,0.15,78.44,13,0,5,10,27.38182,33.15029133,130.1866342,45.3
43.5,130.186737,33.150169,0.15,78,12,0,15,10,27.316999,33.15030022,130.1866277,36.24
43.65,130.186737,33.150169,0.15,78,12,0,15,10,26.8077005,33.15030912,130.186621,29.445
43.8,130.186737,33.15018,0.15,78,11,0,18,10,25.7428,33.15031758,130.1866142,81.54
43.95,130.186737,33.15018,0.15,78,10,-2,18,10,25.31684,33.15032563,130.1866071,63.42
44.1,130.186721,33.150207,0.15,78.25,11,-1,15,10,24.18712,33.15033313,130.1866,58.89
44.25,130.186721,33.150207,0.15,78.25,11,-1,15,10,23.6778205,33.15034019,130.1865929,47.565
44.4,130.186706,33.150222,0.15,78.32,12,-2,13,10,22.89072,33.15034683,130.1865856,72.48
44.55,130.186706,33.150238,0.15,78.32,12,-1,11,10,22.8722,33.15035283,130.1865781,63.42
44.7,130.186706,33.150253,0.15,78.57,14,-2,8,10,21.723961,33.15035817,130.1865707,67.95
44.85,130.186706,33.150253,0.15,78.57,14,-2,8,10,21.5757995,33.1503633,130.1865633,58.89
45,130.186706,33.150253,0.15,78.57,13,0,6,10,20.334961,33.1503677,130.1865558,72.48
45.15,130.186691,33.150283,0.15,78.82,13,0,7,10,19.64972,33.15037138,130.1865485,81.54
45.3,130.186691,33.150283,0.15,78.82,14,1,12,10,19.557119,33.15037473,130.1865411,81.54
45.45,130.186691,33.150283,0.15,78.82,14,1,12,10,18.1959,33.15037704,130.1865337,70.215
45.6,130.186691,33.150283,0.15,79.07,16,7,17,10,17.72364,33.1503789,130.1865263,58.89
45.75,130.186691,33.150283,0.15,79.07,16,8,19,10,17.20508,33.15038,130.1865188,54.36
45.9,130.186691,33.150283,0.15,78.5,19,11,19,10,16.742081,33.15038058,130.1865113,36.24
46.05,130.186691,33.150283,0.15,78.5,19,11,19,10,16.2235205,33.15038056,130.1865041,33.975
46.2,130.186691,33.150283,0.15,78.5,23,12,14,10,15.89016,33.15038013,130.1864968,27.18
46.35,130.186691,33.150283,0.15,78.5,26,11,11,10,15.34382,33.1503791,130.18649,24.915
46.5,130.186691,33.150283,0.15,77.75,31,11,3,10,14.5382,33.15037758,130.1864837,22.65
46.65,130.186691,33.150283,0.15,77.75,31,11,3,10,14.14928,33.15037567,130.1864777,20.385
46.8,130.18663,33.150375,0.15,76.88,36,9,-7,10,14.09372,33.15037338,130.1864718,27.18
46.95,130.18663,33.150375,0.15,76.88,38,6,-13,10,13.82518,33.15037055,130.1864664,40.77
47.1,130.18663,33.150375,0.15,76.88,41,3,-21,10,13.57516,33.15036748,130.1864611,36.24
47.25,130.18663,33.150375,0.15,75.82,44,-1,-39,10,13.63072,33.15036393,130.1864561,13.59
47.4,130.18663,33.150375,0.15,75.82,45,-3,-48,10,14.1678,33.15035998,130.1864514,4.53
47.55,130.18663,33.150375,0.15,75.19,47,-7,-56,10,13.91778,33.15035578,130.1864471,4.53
47.7,130.18663,33.150375,0.15,75.19,47,-16,-56,10,13.03808,33.15035137,130.1864434,9.06
47.85,130.18663,33.150375,0.15,75.19,47,-16,-72,10,11.95466,33.1503473,130.1864405,38.505
48,130.18663,33.150375,0.15,75.13,43,-22,-88,10,12.2232,33.15034283,130.1864379,72.48
48.15,130.18663,33.150375,0.15,75.13,41,-24,-94,10,12.53804,33.15033801,130.186436,88.335
48.3,130.18663,33.150375,0.15,75.13,39,-24,-100,10,12.7788,33.15033315,130.1864344,81.54
48.45,130.18663,33.150375,0.15,75,36,-25,-107,10,12.46396,33.15032845,130.1864334,70.215
48.6,130.186523,33.150428,0.15,75,36,-24,-108,10,12.501,33.1503237,130.1864327,58.89
48.75,130.186508,33.150428,0.15,74.13,37,-23,-109,10,12.01022,33.15031908,130.1864325,38.505
48.9,130.186508,33.150428,0.15,74.13,36,-24,-109,10,12.26024,33.15031452,130.1864328,45.3
49.05,130.186508,33.150428,0.15,74.13,36,-24,-112,10,13.26958,33.15030959,130.1864337,40.77
49.2,130.186508,33.150428,0.15,71.32,34,-25,-116,10,13.50108,33.15030468,130.186435,45.3
49.35,130.186508,33.150428,0.15,71.32,31,-26,-121,10,14.06594,33.15029979,130.1864369,43.035
49.5,130.186508,33.150432,0.15,69.57,18,-30,-137,10,14.27892,33.15029492,130.1864394,58.89
49.65,130.186508,33.150432,0.15,69.57,18,-30,-137,10,14.51968,33.15028999,130.1864424,81.54
49.8,130.186508,33.150428,0.15,69.57,-11,-34,-163,10,14.66784,33.15028512,130.1864456,81.54
49.95,130.186508,33.150428,0.15,68.38,-28,-29,-177,10,15.17714,33.1502802,130.1864495,74.745
50.1,130.186508,33.150428,0.15,68.38,-63,3,-231,10,15.87164,33.15027523,130.1864539,81.54
50.25,130.186508,33.150428,0.15,68.38,-63,3,-231,10,16.30686,33.15027026,130.1864588,101.925
50.4,130.186508,33.150428,0.15,65.75,-54,66,-231,10,16.149441,33.15026568,130.186464,135.9
50.55,130.186508,33.150421,0.15,65.75,-53,66,-231,10,16.9457995,33.15026101,130.1864696,158.55
50.7,130.186523,33.150417,0.15,64.94,-68,26,-231,10,17.149521,33.15025638,130.1864754,221.97
50.85,130.186523,33.150417,0.15,64.94,-68,26,-231,10,17.52918,33.15025158,130.1864812,323.895
51,130.186523,33.150417,0.15,64.94,-57,-28,-226,10,18.31628,33.1502466,130.186487,430.35
51.15,130.186523,33.150413,0.15,64.82,-49,-40,-213,10,19.01078,33.15024159,130.1864933,466.59
51.3,130.186523,33.150409,0.15,64.82,-29,-42,-188,10,19.334881,33.15023643,130.1864996,511.89
51.45,130.186523,33.150409,0.15,64.82,-29,-42,-188,10,20.0664195,33.15023117,130.186506,876.555
51.6,130.186523,33.150398,0.15,64.63,-15,-50,-179,10,20.927601,33.15022563,130.1865127,1173.27
51.75,130.186523,33.150394,0.15,64.63,-10,-55,-178,10,20.9461205,33.15022,130.1865195,1263.87
51.9,130.186508,33.150386,0.15,63.75,-3,-57,-174,10,21.705441,33.15021403,130.1865264,1091.73
52.05,130.186508,33.150386,0.15,63.75,-3,-57,-174,10,21.90916,33.15020796,130.1865333,851.64
52.2,130.186508,33.150379,0.15,63.75,4,-62,-170,10,22.14992,33.15020188,130.1865405,652.32
52.35,130.186508,33.150367,0.15,63.13,3,-64,-172,10,22.52032,33.15019577,130.1865478,391.845
52.5,130.186492,33.150356,0.15,63.13,-1,-62,-179,10,22.520321,33.15018963,130.186555,317.1
52.65,130.186492,33.150356,0.15,63.13,-1,-62,-179,10,23.02962,33.15018348,130.1865624,258.21
52.8,130.186492,33.150344,0.15,61.75,-7,-58,-187,10,22.7796,33.1501773,130.18657,172.14
52.95,130.186492,33.150333,0.15,61.75,-6,-56,-188,10,23.0388795,33.15017091,130.1865773,113.25
53.1,130.186508,33.150318,0.15,60.82,0,-56,-184,10,23.798201,33.15016405,130.1865846,104.19
53.25,130.186508,33.150318,0.15,60.82,0,-56,-184,10,23.7889395,33.15015752,130.186592,97.395
53.4,130.186508,33.150299,0.15,60.82,2,-52,-182,10,24.27972,33.15015087,130.1865996,117.78
53.55,130.186523,33.150276,0.15,59.82,2,-50,-182,10,24.5297395,33.15014417,130.1866071,117.78
53.7,130.186523,33.150253,0.15,59.82,5,-49,-177,10,25.33536,33.15013733,130.1866148,131.37
53.85,130.186523,33.150253,0.15,59.82,5,-49,-177,10,26.0206005,33.15013028,130.1866227,133.635
54,130.186538,33.150215,0.15,62.5,9,-48,-175,10,26.63176,33.15012302,130.1866307,154.02
54.15,130.186553,33.15018,0.15,62.5,16,-44,-172,10,27.28922,33.1501154,130.1866387,181.2
54.3,130.186569,33.150142,0.15,75.63,25,-35,-176,10,27.83556,33.1501077,130.1866468,212.91
54.45,130.186569,33.150142,0.15,75.63,25,-35,-176,10,28.4004205,33.15009973,130.1866548,278.595
54.6,130.186599,33.150123,0.15,75.63,18,-21,-200,10,28.83564,33.15009157,130.1866627,312.57
54.75,130.18663,33.150112,0.15,77.69,24,-9,-207,10,29.0671405,33.15008318,130.1866707,314.835
54.9,130.18666,33.150108,0.15,77.69,21,9,-201,10,29.65052,33.15007455,130.1866787,308.04
55.05,130.18666,33.150108,0.15,77.69,21,9,-201,10,30.19686,33.15006546,130.1866867,267.27
55.2,130.186691,33.150104,0.15,79,2,24,-176,10,30.8358,33.15005618,130.1866946,235.56
55.35,130.186706,33.1501,0.15,79,-5,25,-166,10,31.12286,33.15004672,130.1867026,221.97
55.5,130.186706,33.150093,0.15,78,-11,22,-154,10,31.40992,33.15003715,130.1867104,235.56
55.65,130.186706,33.150093,0.15,78,-11,22,-154,10,31.928479,33.15002734,130.1867184,255.945
55.8,130.186706,33.150085,0.15,78,-10,18,-154,10,32.41,33.1500173,130.1867263,294.45
55.95,130.186721,33.150077,0.15,77.88,-7,16,-158,10,32.669279,33.15000697,130.1867343,346.545
56.1,130.186721,33.150066,0.15,77.88,-2,13,-168,10,32.947079,33.14999635,130.1867423,389.58
56.25,130.186721,33.150066,0.15,77.88,-2,13,-168,10,33.5304605,33.14998546,130.1867502,475.65
56.4,130.186737,33.150062,0.15,76.38,1,10,-182,10,33.9842,33.14997442,130.1867579,534.54
56.55,130.186767,33.150058,0.15,76.38,2,8,-189,10,34.252741,33.14996323,130.1867656,527.745
56.7,130.186782,33.150054,0.15,72.38,-5,7,-199,10,34.854641,33.14995193,130.1867733,439.41
56.85,130.186782,33.150054,0.15,72.38,-5,7,-199,10,35.20652,33.14994053,130.1867812,364.665
57,130.186798,33.150051,0.15,72.38,-16,0,-178,10,35.725079,33.14992893,130.1867891,285.39
57.15,130.186813,33.150039,0.15,71.82,-20,-4,-163,10,35.762119,33.14991731,130.1867972,228.765
57.3,130.186828,33.150024,0.15,71.82,-26,-10,-144,10,35.891762,33.1499057,130.1868053,176.67
57.45,130.186828,33.150024,0.15,71.82,-26,-10,-144,10,36.345499,33.14989396,130.1868137,167.61
57.6,130.186828,33.150009,0.15,72.63,-26,-14,-131,10,36.78072,33.14988215,130.1868222,140.43
57.75,130.186828,33.149993,0.15,72.63,-23,-14,-128,10,36.938141,33.14987023,130.1868308,167.61
57.9,130.186828,33.149974,0.15,72.57,-16,-15,-127,10,37.37336,33.14985822,130.1868396,194.79
58.05,130.186828,33.149974,0.15,72.57,-16,-15,-127,10,37.39188,33.14984619,130.1868483,217.44
58.2,130.186828,33.149951,0.15,72.57,-6,-16,-133,10,37.37336,33.14983417,130.1868571,262.74
58.35,130.186843,33.149932,0.15,72.94,-1,-17,-140,10,37.530781,33.14982205,130.1868658,301.245
58.5,130.186859,33.149913,0.15,72.94,7,-17,-151,10,37.558559,33.14980997,130.1868746,339.75
58.65,130.186859,33.149913,0.15,72.94,7,-17,-151,10,37.5122605,33.14979795,130.1868834,357.87
58.8,130.186874,33.14989,0.15,73.57,7,-15,-158,10,37.428921,33.14978598,130.1868923,407.7
58.95,130.186904,33.149871,0.15,73.57,6,-9,-158,10,37.3548395,33.14977406,130.1869012,430.35
59.1,130.186935,33.149856,0.15,75.69,-1,4,-154,10,37.225201,33.14976217,130.1869101,448.47
59.25,130.186935,33.149856,0.15,75.69,-1,4,-154,10,37.09556,33.14975025,130.1869189,396.375
59.4,130.18695,33.149841,0.15,75.69,-13,12,-142,10,36.98444,33.14973835,130.1869277,330.69
59.55,130.18695,33.149829,0.15,76.94,-17,13,-136,10,36.9937,33.14972633,130.1869365,274.065
59.7,130.18695,33.14981,0.15,76.94,-19,12,-126,10,36.947399,33.14971435,130.1869452,249.15
59.85,130.18695,33.14981,0.15,76.94,-19,12,-126,10,36.9103605,33.14970239,130.186954,267.27
60,130.18695,33.149799,0.15,75.94,-14,9,-125,10,36.79924,33.14969052,130.1869628,312.57
60.15,130.18695,33.149784,0.15,75.94,-5,4,-132,10,36.928881,33.14967853,130.1869715,380.52
60.3,130.186965,33.149768,0.15,75,-1,3,-138,10,37.040001,33.14966638,130.1869802,484.71
60.45,130.186965,33.149768,0.15,75,-1,3,-138,10,37.030741,33.14965431,130.1869889,602.49
60.6,130.186981,33.149757,0.15,75,5,-2,-149,10,37.114079,33.14964215,130.1869973,634.2
60.75,130.186996,33.149738,0.15,74.75,9,-5,-160,10,37.049261,33.14963001,130.1870058,536.805
60.9,130.187011,33.149726,0.15,74.75,9,-4,-166,10,37.132599,33.14961783,130.1870143,407.7
61.05,130.187011,33.149726,0.15,74.75,9,-4,-166,10,37.4659595,33.14960559,130.1870228,321.63
61.2,130.187042,33.149711,0.15,72.13,2,-1,-172,10,37.114079,33.14959347,130.1870312,244.62
61.35,130.187057,33.149696,0.15,72.13,-12,0,-157,10,37.18816,33.14958136,130.1870397,165.345
61.5,130.187072,33.149681,0.15,73.63,-17,-1,-144,10,37.16964,33.14956928,130.1870481,104.19
61.65,130.187072,33.149681,0.15,73.63,-17,-1,-144,10,37.1696395,33.14955721,130.1870564,110.985
61.8,130.187088,33.149662,0.15,73.63,-24,-2,-123,10,37.151119,33.14954513,130.1870649,108.72
61.95,130.187103,33.149642,0.15,73.88,-25,-6,-108,10,37.0955605,33.14953317,130.1870732,108.72
62.1,130.187103,33.149623,0.15,73.88,-22,-10,-103,10,37.021481,33.14952125,130.1870817,113.25
62.25,130.187103,33.149623,0.15,73.88,-22,-10,-103,10,37.030741,33.14950923,130.1870902,135.9
62.4,130.187072,33.1496,0.15,72.25,-13,-15,-97,10,37.077042,33.14949732,130.1870986,181.2
62.55,130.187072,33.149574,0.15,72.25,0,-21,-103,10,37.1696395,33.14948534,130.187107,221.97
62.7,130.187057,33.149547,0.15,73.94,3,-23,-109,10,37.243721,33.14947347,130.1871154,249.15
62.85,130.187057,33.149547,0.15,73.94,3,-23,-109,10,37.336319,33.14946152,130.1871238,287.655
63,130.187057,33.149517,0.15,73.94,8,-17,-128,10,37.37336,33.14944958,130.1871321,298.98
63.15,130.187057,33.14949,0.15,78.25,16,-3,-140,10,37.40114,33.14943762,130.1871404,308.04
63.3,130.187088,33.149471,0.15,78.25,17,4,-140,10,37.4104,33.14942567,130.1871487,289.92
63.45,130.187088,33.149471,0.15,78.25,17,4,-140,10,37.5030005,33.14941368,130.187157,260.475
63.6,130.187103,33.149456,0.15,80.44,8,18,-128,10,37.521519,33.14940173,130.1871653,235.56
63.75,130.187118,33.14944,0.15,80.44,2,25,-121,10,37.58634,33.14938977,130.1871737,212.91
63.9,130.187133,33.149429,0.15,79.69,3,26,-120,10,37.61412,33.1493778,130.187182,181.2
64.05,130.187133,33.149429,0.15,79.69,3,26,-120,10,37.6511615,33.1493657,130.1871903,172.14
64.2,130.187133,33.14941,0.15,79.69,6,24,-122,10,37.651161,33.1493535,130.1871986,163.08
64.35,130.187133,33.149402,0.15,78.25,10,19,-125,10,37.7715395,33.14934114,130.187207,183.465
64.5,130.187149,33.149391,0.15,78.25,11,15,-127,10,37.910439,33.14932868,130.1872153,199.32
64.65,130.187149,33.149391,0.15,78.25,11,15,-127,10,38.07712,33.14931622,130.1872239,201.585
64.8,130.187164,33.149379,0.15,76.19,12,6,-133,10,38.225281,33.1493038,130.1872324,235.56
64.95,130.187164,33.149364,0.15,76.19,10,-1,-137,10,38.336399,33.14929133,130.1872408,255.945
65.1,130.187179,33.149353,0.15,76.32,8,-3,-136,10,38.41048,33.14927877,130.1872492,258.21
65.25,130.187179,33.149353,0.15,76.32,8,-3,-136,10,38.4660395,33.14926623,130.1872577,249.15
65.4,130.187194,33.149337,0.15,76.32,5,-3,-133,10,38.7994,33.1492536,130.1872662,231.03
65.55,130.18721,33.149318,0.15,77.63,2,0,-130,10,38.7994005,33.14924095,130.1872747,244.62
65.7,130.187225,33.149303,0.15,77.63,2,1,-130,10,38.891998,33.14922817,130.1872832,262.74
65.85,130.187225,33.149303,0.15,77.63,2,1,-130,10,38.9846,33.14921533,130.1872916,262.74
66,130.18724,33.149284,0.15,79,2,7,-129,10,39.040161,33.14920253,130.1873001,235.56
66.15,130.187255,33.149269,0.15,79,2,11,-129,10,39.1142385,33.14918972,130.1873087,237.825
66.3,130.187271,33.149253,0.15,78.32,2,11,-129,10,39.1698,33.14917683,130.1873174,221.97
66.45,130.187271,33.149253,0.15,78.32,2,11,-129,10,39.28092,33.14916389,130.1873262,221.97
66.6,130.187286,33.149234,0.15,78.32,1,11,-130,10,39.37352,33.14915093,130.1873351,221.97
66.75,130.187286,33.149223,0.15,77.25,1,10,-128,10,39.5031605,33.14913789,130.1873442,212.91
66.9,130.187301,33.149204,0.15,77.25,1,8,-128,10,39.614281,33.1491249,130.1873532,199.32
67.05,130.187301,33.149204,0.15,77.25,1,8,-128,10,39.6791,33.14911186,130.1873624,192.525
67.2,130.187316,33.149188,0.15,77.13,1,5,-127,10,39.725399,33.14909877,130.1873715,199.32
67.35,130.187316,33.149166,0.15,77.13,1,3,-127,10,40.16988,33.1490856,130.1873808,210.645
67.5,130.187332,33.14915,0.15,77.32,1,3,-127,10,40.225441,33.14907247,130.1873901,235.56
67.65,130.187332,33.14915,0.15,77.32,1,3,-127,10,40.2902605,33.14905927,130.1873994,210.645
67.8,130.187347,33.149131,0.15,77.32,2,4,-126,10,40.35508,33.14904608,130.1874087,235.56
67.95,130.187362,33.149112,0.15,77.5,3,4,-127,10,40.4013805,33.14903287,130.1874179,251.415
68.1,130.187377,33.149093,0.15,77.5,2,5,-127,10,40.39212,33.14901965,130.1874271,253.68
68.25,130.187377,33.149093,0.15,77.5,2,5,-127,10,40.308779,33.14900642,130.1874361,240.09
68.4,130.187393,33.149074,0.15,77.5,2,7,-128,10,40.243961,33.14899323,130.1874451,244.62
68.55,130.187408,33.149059,0.15,77.5,2,7,-128,10,40.1513595,33.14898014,130.187454,240.09
68.7,130.187423,33.14904,0.15,77.88,1,8,-128,10,40.040241,33.14896703,130.1874628,235.56
68.85,130.187423,33.14904,0.15,77.88,1,8,-128,10,39.87356,33.14895408,130.1874718,251.415
69,130.187438,33.149024,0.15,77.88,1,8,-128,10,39.743919,33.14894118,130.1874806,262.74
69.15,130.187454,33.149009,0.15,77.63,1,10,-129,10,39.6050205,33.1489283,130.1874895,262.74
69.3,130.187469,33.14899,0.15,77.63,0,9,-129,10,39.466122,33.14891542,130.1874984,249.15
69.45,130.187469,33.148971,0.15,77.63,0,9,-129,10,39.3549995,33.14890256,130.1875072,233.295
69.6,130.187484,33.148971,0.15,77.19,0,9,-129,10,39.262402,33.14888967,130.187516,217.44
69.75,130.187484,33.148956,0.15,77.19,0,8,-129,10,39.1512795,33.14887687,130.1875249,212.91
69.9,130.1875,33.148941,0.15,76.94,0,8,-129,10,39.040161,33.14886418,130.1875337,190.26
70.05,130.1875,33.148941,0.15,76.94,0,8,-129,10,38.9568195,33.14885148,130.1875426,199.32
70.2,130.1875,33.148941,0.15,76.94,0,8,-128,10,38.873482,33.14883882,130.1875514,208.38
70.35,130.18753,33.148906,0.15,77.07,-1,5,-127,10,38.7994005,33.14882622,130.1875602,210.645
70.5,130.187545,33.148891,0.15,77.07,-1,6,-127,10,38.669762,33.14881367,130.187569,212.91
70.65,130.187545,33.148891,0.15,77.07,-1,6,-127,10,38.6142005,33.14880112,130.1875777,221.97
70.8,130.187545,33.148891,0.15,76.82,-2,6,-127,10,38.521599,33.14878862,130.1875864,240.09
70.95,130.187545,33.148891,0.15,76.82,-2,6,-127,10,38.4567795,33.14877611,130.187595,246.885
71.1,130.187545,33.148891,0.15,76.82,-2,5,-126,10,38.336399,33.14876365,130.1876036,267.27
71.25,130.187545,33.148891,0.15,76.82,-2,5,-126,10,38.234541,33.14875124,130.1876122,260.475
71.4,130.187545,33.148891,0.15,76.57,-1,4,-126,10,38.132679,33.1487388,130.1876207,262.74
71.55,130.187606,33.148811,0.15,77.25,-1,5,-127,10,38.040081,33.14872637,130.1876291,269.535
71.7,130.187622,33.148792,0.15,77.25,-2,6,-127,10,37.947479,33.14871397,130.1876376,262.74
71.85,130.187622,33.148792,0.15,77.25,-2,6,-127,10,37.836361,33.14870162,130.1876459,246.885
72,130.187637,33.148777,0.15,77.44,-2,7,-127,10,37.7808,33.14868922,130.1876542,226.5
72.15,130.187637,33.148761,0.15,77.44,-2,9,-126,10,37.6604215,33.14867694,130.1876625,219.705
72.3,130.187652,33.148742,0.15,77.32,-3,8,-126,10,37.5956,33.1486647,130.1876708,231.03
72.45,130.187667,33.148731,0.15,77.32,-3,8,-126,10,37.5215205,33.14865243,130.1876791,192.525
72.6,130.187667,33.148731,0.15,77.32,-3,7,-126,10,37.465961,33.1486402,130.1876873,176.67
72.75,130.187667,33.148715,0.15,76.94,-2,6,-126,10,37.39188,33.14862799,130.1876954,178.935
72.9,130.187683,33.148696,0.15,76.94,-2,4,-126,10,37.336319,33.1486157,130.1877035,185.73
73.05,130.187683,33.148696,0.15,76.94,-2,4,-126,10,37.29002,33.14860347,130.1877116,190.26
73.2,130.187683,33.148696,0.15,76.57,-2,3,-126,10,37.20668,33.14859123,130.1877197,194.79
73.35,130.187683,33.148696,0.15,76.57,-1,2,-126,10,37.0863,33.14857902,130.1877279,197.055
73.5,130.187683,33.148696,0.15,76.57,-2,1,-127,10,36.965919,33.14856685,130.187736,203.85
73.65,130.187683,33.148696,0.15,76.57,-2,1,-127,10,36.9196205,33.14855458,130.1877441,215.175
73.8,130.187683,33.148696,0.15,76.63,-2,2,-127,10,36.873322,33.14854232,130.1877521,217.44
73.95,130.187683,33.148696,0.15,76.63,-2,3,-127,10,36.6325605,33.14853005,130.18776,224.235
74.1,130.187683,33.148696,0.15,77.13,-2,6,-126,10,36.61404,33.14851778,130.1877679,221.97
74.25,130.187683,33.148696,0.15,77.13,-2,6,-126,10,36.50292,33.14850555,130.1877756,221.97
74.4,130.187683,33.148696,0.15,77.13,-2,8,-126,10,36.3918,33.14849337,130.1877834,203.85
74.55,130.187683,33.148696,0.15,77.38,-3,8,-126,10,36.336239,33.14848114,130.187791,206.115
74.7,130.187683,33.148696,0.15,77.38,-3,8,-126,10,36.243641,33.14846895,130.1877986,199.32
74.85,130.187683,33.148696,0.15,77.38,-4,11,-126,10,36.2066,33.14845683,130.1878063,199.32
75,130.187683,33.148696,0.15,77.69,-4,12,-124,10,36.132519,33.1484448,130.1878141,194.79
75.15,130.18782,33.148517,0.15,77.25,-4,11,-124,10,36.10474,33.1484327,130.1878216,197.055
75.3,130.18782,33.148502,0.15,77.25,-4,10,-124,10,36.058441,33.14842062,130.1878292,190.26
75.45,130.18782,33.148487,0.15,77.25,-4,10,-124,10,35.9936195,33.14840856,130.1878368,187.995
75.6,130.187835,33.148487,0.15,77.32,-4,8,-124,10,35.947319,33.14839653,130.1878445,185.73
75.75,130.18785,33.148471,0.15,77.32,-3,7,-124,10,35.9195385,33.14838453,130.1878521,208.38
75.9,130.18785,33.148456,0.15,77.07,-3,5,-123,10,35.910278,33.1483725,130.1878597,240.09
76.05,130.18785,33.148437,0.15,77.07,-3,5,-123,10,35.8454605,33.14836045,130.1878672,217.44
76.2,130.187866,33.148437,0.15,77.07,-3,5,-123,10,35.79916,33.1483485,130.1878748,203.85
76.35,130.187881,33.148422,0.15,77.32,-3,5,-123,10,35.7065605,33.14833663,130.1878822,201.585
76.5,130.187881,33.148403,0.15,77.32,-3,6,-123,10,35.632481,33.14832478,130.1878898,203.85
76.65,130.187881,33.148403,0.15,77.32,-3,6,-123,10,35.59544,33.14831297,130.1878974,208.38
76.8,130.187896,33.148391,0.15,77.44,-3,7,-124,10,35.632481,33.14830117,130.1879051,231.03
76.95,130.187911,33.148372,0.15,77.44,-3,7,-124,10,35.688042,33.1482893,130.1879128,206.115
77.1,130.187927,33.148357,0.15,77.69,-3,8,-125,10,35.98436,33.14827738,130.1879204,208.38
77.25,130.187927,33.148357,0.15,77.69,-3,8,-125,10,35.965839,33.14826542,130.187928,206.115
77.4,130.187942,33.148342,0.15,77.69,-3,9,-126,10,36.00288,33.14825348,130.1879355,208.38
77.55,130.187942,33.148326,0.15,77.57,-2,8,-127,10,35.9843595,33.14824159,130.1879432,233.295
77.7,130.187957,33.148311,0.15,77.57,-2,7,-127,10,36.058441,33.14822962,130.1879507,258.21
77.85,130.187957,33.148311,0.15,77.57,-2,7,-127,10,36.1232605,33.14821769,130.1879584,251.415
78,130.187957,33.1483,0.15,77.32,-2,6,-129,10,36.243641,33.14820572,130.1879663,262.74
78.15,130.187973,33.148284,0.15,77.32,-2,5,-129,10,36.2992005,33.14819376,130.1879742,253.68
78.3,130.187988,33.148269,0.15,77.25,-3,5,-129,10,36.3918,33.1481818,130.1879822,244.62
78.45,130.187988,33.148254,0.15,77.25,-3,5,-129,10,36.447361,33.14816985,130.1879903,228.765
78.6,130.188003,33.148254,0.15,77.25,-5,6,-128,10,36.521439,33.14815785,130.1879984,199.32
78.75,130.188003,33.148239,0.15,77,-6,5,-126,10,36.6418205,33.14814577,130.1880067,219.705
78.9,130.188018,33.148227,0.15,77,-7,5,-125,10,36.762199,33.14813367,130.188015,212.91
79.05,130.188018,33.148208,0.15,77,-7,5,-125,10,36.845541,33.14812151,130.1880234,212.91
79.2,130.188034,33.148208,0.15,76.94,-9,4,-122,10,36.891842,33.14810942,130.1880319,221.97
79.35,130.188034,33.148193,0.15,76.94,-8,4,-120,10,36.8270205,33.14809738,130.1880404,203.85
79.5,130.188049,33.148178,0.15,77.13,-7,3,-120,10,36.81776,33.14808542,130.1880489,194.79
79.65,130.188049,33.148178,0.15,77.13,-7,3,-120,10,36.836281,33.14807335,130.1880573,190.26
79.8,130.188049,33.148162,0.15,77.13,-6,1,-119,10,36.81776,33.14806135,130.1880659,185.73
79.95,130.188064,33.148143,0.15,76.5,-4,0,-120,10,36.8825795,33.14804938,130.1880746,197.055
80.1,130.188064,33.148128,0.15,76.5,-3,0,-120,10,36.910358,33.1480374,130.1880832,203.85
80.25,130.188064,33.148128,0.15,76.5,-3,0,-120,10,36.9937,33.1480254,130.1880919,199.32
80.4,130.188079,33.148109,0.15,77.57,-1,0,-120,10,37.058521,33.14801342,130.1881007,212.91
80.55,130.188095,33.148086,0.15,77.57,0,2,-120,10,37.1048205,33.14800149,130.1881095,215.175
80.7,130.18811,33.148071,0.15,77.75,0,4,-120,10,37.18816,33.14798957,130.1881183,235.56
80.85,130.18811,33.148052,0.15,77.75,0,4,-120,10,37.29002,33.14797764,130.1881273,237.825
81,130.18811,33.148052,0.15,77.75,1,6,-121,10,37.447441,33.14796567,130.1881363,240.09
81.15,130.18811,33.148052,0.15,77.75,3,5,-121,10,37.5585595,33.14795375,130.1881454,258.21
81.3,130.18811,33.148052,0.15,77.75,4,7,-121,10,37.688202,33.1479418,130.1881544,262.74
81.45,130.18811,33.148052,0.15,77.75,4,7,-121,10,37.7530195,33.14792976,130.1881633,265.005
81.6,130.18811,33.148052,0.15,77.75,5,6,-122,10,37.854881,33.1479177,130.1881726,280.86
81.75,130.18814,33.147983,0.15,78,7,7,-124,10,37.8548815,33.14790562,130.1881817,267.27
81.9,130.188156,33.147968,0.15,77.94,7,7,-125,10,37.836361,33.14789355,130.1881906,262.74
82.05,130.188156,33.147953,0.15,77.94,7,7,-125,10,37.873402,33.14788141,130.1881997,260.475
82.2,130.188171,33.147953,0.15,77.94,8,7,-126,10,37.873402,33.14786923,130.1882087,244.62
82.35,130.188171,33.147941,0.15,77.88,7,5,-127,10,37.938219,33.147857,130.1882177,231.03
82.5,130.188186,33.147922,0.15,77.88,7,5,-128,10,38.00304,33.14784465,130.1882267,208.38
82.65,130.188186,33.147911,0.15,77.88,7,5,-128,10,38.1234185,33.14783219,130.1882357,174.405
82.8,130.188201,33.147911,0.15,77.38,7,4,-130,10,38.18824,33.14781978,130.1882446,199.32
82.95,130.188217,33.147895,0.15,77.38,5,2,-131,10,38.20676,33.14780738,130.1882534,169.875
83.1,130.188232,33.14788,0.15,77.5,4,0,-132,10,38.18824,33.14779495,130.1882622,167.61
83.25,130.188247,33.147865,0.15,77.5,4,0,-132,10,38.17898,33.14778265,130.188271,187.995
83.4,130.188247,33.147865,0.15,77.5,3,1,-132,10,38.20676,33.14777027,130.1882798,181.2
83.55,130.188262,33.14785,0.15,77.44,1,0,-133,10,38.0215605,33.14775793,130.1882885,208.38
83.7,130.188278,33.14783,0.15,77.44,0,1,-133,10,37.947479,33.14774562,130.1882972,208.38
83.85,130.188293,33.147815,0.15,77.44,0,1,-133,10,38.17898,33.1477331,130.1883059,242.355
84,130.188293,33.147815,0.15,77.25,0,1,-134,10,37.98452,33.14772063,130.1883144,262.74
84.15,130.188308,33.1478,0.15,77.25,-2,5,-134,10,38.1048985,33.1477081,130.1883229,249.15
84.3,130.188308,33.1478,0.15,77.44,-6,6,-133,10,38.077122,33.14769572,130.1883314,221.97
84.45,130.188308,33.1478,0.15,77.44,-6,6,-133,10,38.1511995,33.14768332,130.1883399,203.85
84.6,130.188308,33.1478,0.15,77.44,-7,7,-132,10,38.114159,33.1476709,130.1883484,181.2
84.75,130.188354,33.14775,0.15,77.88,-11,10,-129,10,37.8919205,33.14765861,130.1883567,206.115
84.9,130.188369,33.147739,0.15,77.88,-11,12,-127,10,38.058601,33.14764625,130.1883652,212.91
85.05,130.188369,33.147724,0.15,77.88,-11,12,-127,10,37.79006,33.14763402,130.1883736,233.295
85.2,130.188369,33.147724,0.15,77.5,-13,12,-123,10,37.873402,33.14762173,130.188382,244.62
85.35,130.188385,33.147708,0.15,77.5,-13,9,-120,10,37.845621,33.14760953,130.1883904,237.825
85.5,130.188385,33.147708,0.15,77.5,-12,7,-119,10,37.706718,33.14759728,130.1883988,231.03
85.65,130.188385,33.147708,0.15,76.88,-12,7,-119,10,37.632641,33.14758522,130.188407,246.885
85.8,130.188385,33.147708,0.15,76.88,-8,5,-121,10,37.540039,33.14757303,130.1884153,258.21
85.95,130.188415,33.147659,0.15,76.5,-5,3,-125,10,37.5122585,33.14756077,130.1884234,285.39
86.1,130.18843,33.147644,0.15,76.5,-4,2,-126,10,37.521519,33.14754852,130.1884316,285.39
86.25,130.18843,33.147628,0.15,76.5,-4,2,-126,10,37.18816,33.14753643,130.1884398,276.33
86.4,130.188446,33.147628,0.15,77.19,-4,0,-126,10,37.095558,33.14752432,130.188448,280.86
86.55,130.188446,33.147609,0.15,77.19,-3,3,-125,10,36.9937,33.14751223,130.188456,251.415
86.7,130.188461,33.14759,0.15,77.38,-4,4,-125,10,36.854801,33.14750018,130.1884641,221.97
86.85,130.188461,33.147579,0.15,77.38,-4,4,-125,10,36.7529395,33.14748813,130.1884723,158.55
87,130.188476,33.147579,0.15,77.38,-4,5,-126,10,36.688122,33.14747593,130.1884805,221.97
87.15,130.188476,33.147579,0.15,77,-4,4,-126,10,36.2806795,33.14746393,130.1884883,156.285
87.3,130.188476,33.147579,0.15,77,-5,4,-126,10,36.428841,33.14745182,130.1884962,122.31
87.45,130.188507,33.147529,0.15,77,-5,4,-126,10,36.0214005,33.14743977,130.188504,124.575
87.6,130.188507,33.147529,0.15,77,-5,3,-127,10,36.0214,33.14742775,130.1885118,108.72
87.75,130.188522,33.14751,0.15,77.32,-6,5,-126,10,35.80842,33.14741588,130.1885198,117.78
87.9,130.188537,33.147495,0.15,76.44,-6,4,-126,10,36.81776,33.14740367,130.1885278,149.49
88.05,130.188552,33.14748,0.15,76.44,-6,4,-126,10,35.984362,33.14739154,130.1885361,156.285
88.2,130.188552,33.14748,0.15,76.44,-7,4,-127,10,34.836121,33.14737993,130.1885439,176.67
88.35,130.188552,33.147464,0.15,76.5,-8,2,-126,10,35.7621195,33.14736828,130.1885519,185.73
88.5,130.188583,33.147445,0.15,76.5,-8,3,-126,10,35.095402,33.14735672,130.1885598,181.2
88.65,130.188598,33.147426,0.15,76.5,-8,3,-126,10,34.98428,33.14734527,130.1885674,183.465
88.8,130.188598,33.147426,0.15,77.25,-10,4,-124,10,34.41016,33.14733393,130.1885751,185.73
88.95,130.188598,33.147411,0.15,77.25,-12,10,-123,10,34.0768015,33.14732278,130.1885826,172.14
89.1,130.188613,33.147392,0.15,77.75,-11,14,-123,10,33.447121,33.14731183,130.18859,181.2
89.25,130.188629,33.147377,0.15,77.75,-11,14,-123,10,33.0396805,33.14730105,130.1885973,169.875
89.4,130.188629,33.147377,0.15,77.75,-12,13,-118,10,32.465561,33.1472905,130.1886044,144.96
89.55,130.188629,33.147365,0.15,78.69,-10,14,-119,10,31.798841,33.14728018,130.1886114,144.96
89.7,130.188629,33.147365,0.15,78.69,-8,16,-120,10,31.22472,33.14727,130.1886183,149.49
89.85,130.188629,33.147335,0.15,78.69,-8,16,-120,10,30.845059,33.14725998,130.1886252,142.695
90,130.188644,33.147335,0.15,77.82,-7,13,-121,10,30.687639,33.14725012,130.1886321,135.9
90.15,130.188644,33.147335,0.15,77.82,-4,9,-124,10,29.863501,33.14724047,130.1886388,120.045
90.3,130.188659,33.147312,0.15,77,-3,8,-126,10,29.687559,33.1472309,130.1886454,104.19
90.45,130.188659,33.147296,0.15,77,-3,8,-126,10,29.0578805,33.14722163,130.188652,106.455
90.6,130.188674,33.147296,0.15,77,0,4,-130,10,28.798599,33.14721243,130.1886584,90.6
90.75,130.188674,33.147285,0.15,77.07,-1,2,-132,10,28.4281995,33.14720323,130.1886649,88.335
90.9,130.18869,33.14727,0.15,77.07,-2,2,-132,10,27.72444,33.14719425,130.1886713,81.54
91.05,130.18869,33.147258,0.15,77.07,-2,2,-132,10,27.70592,33.14718543,130.1886776,86.07
91.2,130.188705,33.147258,0.15,77.5,-3,4,-133,10,27.24292,33.14717657,130.1886838,86.07
91.35,130.18872,33.147247,0.15,77.5,-6,5,-132,10,26.8910395,33.14716798,130.1886899,99.66
91.5,130.188735,33.147235,0.15,77.63,-7,5,-132,10,26.26136,33.14715955,130.1886959,95.13
91.65,130.188751,33.147224,0.15,77.63,-7,5,-132,10,26.011339,33.1471512,130.1887019,101.925
91.8,130.188751,33.147224,0.15,77.63,-9,7,-131,10,25.66872,33.14714303,130.1887078,90.6
91.95,130.188751,33.147209,0.15,77.5,-10,8,-131,10,25.19646,33.14713499,130.1887136,97.395
92.1,130.188766,33.147201,0.15,77.5,-10,8,-131,10,24.55752,33.1471271,130.1887194,81.54
92.25,130.188781,33.147186,0.15,77.5,-10,8,-131,10,24.2612,33.14711943,130.188725,86.07
92.4,130.188781,33.147186,0.15,77.63,-10,9,-132,10,23.68708,33.14711187,130.1887307,67.95
92.55,130.188781,33.147186,0.15,77.63,-11,11,-133,10,23.11296,33.14710457,130.188736,74.745
92.7,130.188781,33.147186,0.15,77.5,-11,11,-134,10,22.64996,33.14709738,130.1887414,67.95
92.85,130.188781,33.147159,0.15,77.5,-11,11,-134,10,22.3814205,33.14709024,130.1887465,67.95
93,130.188812,33.147159,0.15,77.5,-11,11,-136,10,21.649879,33.14708323,130.1887517,63.42
93.15,130.188812,33.147148,0.15,77.07,-12,13,-140,10,21.33504,33.14707637,130.1887568,77.01
93.3,130.188827,33.147144,0.15,77.07,-13,13,-143,10,20.48312,33.14706975,130.1887618,67.95
93.45,130.188827,33.147136,0.15,77.07,-13,13,-143,10,20.2979205,33.14706334,130.1887666,86.07
93.6,130.188827,33.147136,0.15,76.32,-13,13,-144,10,19.760839,33.147057,130.1887714,90.6
93.75,130.188842,33.147129,0.15,76.32,-17,12,-145,10,19.13116,33.14705089,130.1887762,92.865
93.9,130.188858,33.147125,0.15,76.13,-21,9,-141,10,18.7052,33.14704487,130.1887808,90.6
94.05,130.188858,33.147117,0.15,76.13,-21,9,-141,10,18.3810995,33.147039,130.1887853,104.19
94.2,130.188858,33.147117,0.15,76.13,-23,7,-137,10,17.594,33.14703332,130.1887896,95.13
94.35,130.188858,33.147106,0.15,75.94,-24,4,-130,10,17.1217405,33.14702788,130.1887938,95.13
94.5,130.188873,33.147098,0.15,75.94,-24,4,-128,10,16.63096,33.14702248,130.1887978,95.13
94.65,130.188873,33.14709,0.15,75.94,-24,4,-128,10,16.3346405,33.14701733,130.1888018,86.07
94.8,130.188873,33.14709,0.15,75.94,-23,5,-129,10,15.66792,33.14701235,130.1888056,86.07
94.95,130.188888,33.147083,0.15,75.94,-22,5,-131,10,15.21418,33.14700755,130.1888093,79.275
95.1,130.188888,33.147075,0.15,75.82,-21,4,-132,10,14.68636,33.1470029,130.1888129,67.95
95.25,130.188888,33.147068,0.15,75.82,-21,4,-132,10,14.14928,33.14699851,130.1888164,61.155
95.4,130.188888,33.147068,0.15,75.82,-20,3,-133,10,13.76036,33.14699418,130.1888196,49.83
95.55,130.188903,33.14706,0.15,75.57,-19,3,-133,10,13.20476,33.14699005,130.1888228,45.3
95.7,130.188919,33.147056,0.15,75.57,-20,3,-133,10,12.5936,33.14698612,130.1888259,45.3
95.85,130.188919,33.147048,0.15,75.57,-20,3,-133,10,12.28802,33.14698224,130.1888289,38.505
96,130.188919,33.147048,0.15,75.13,-21,2,-133,10,11.55648,33.1469786,130.1888318,36.24
96.15,130.188934,33.147041,0.15,75.13,-20,2,-132,10,11.40832,33.14697498,130.1888345,31.71
96.3,130.188934,33.147037,0.15,75.32,-20,2,-135,10,10.98236,33.14697147,130.1888372,31.71
96.45,130.188934,33.147029,0.15,75.32,-20,2,-135,10,10.43602,33.14696827,130.1888398,31.71
96.6,130.188949,33.147029,0.15,75.32,-21,5,-139,10,10.26008,33.14696507,130.1888424,31.71
96.75,130.188964,33.147022,0.15,74.88,-21,11,-145,10,9.52854,33.14696206,130.1888447,29.445
96.9,130.188964,33.147014,0.15,74.88,-22,14,-144,10,9.33408,33.14695905,130.188847,22.65
97.05,130.188964,33.14701,0.15,74.88,-22,14,-144,10,8.9359,33.14695618,130.1888493,22.65
97.2,130.18898,33.14701,0.15,74.63,-23,14,-141,10,8.2414,33.14695352,130.1888513,27.18
97.35,130.18898,33.147006,0.15,74.63,-25,15,-139,10,7.6395,33.14695109,130.1888532,22.65
97.5,130.188995,33.147003,0.15,74.19,-26,20,-143,10,7.35244,33.14694883,130.1888551,22.65
97.65,130.188995,33.146999,0.15,74.19,-26,20,-143,10,6.84314,33.14694675,130.1888568,15.855
97.8,130.188995,33.146999,0.15,74.19,-27,22,-146,10,6.42644,33.14694473,130.1888584,18.12
97.95,130.18901,33.146995,0.15,73.75,-27,26,-148,10,6.1579,33.14694285,130.1888599,18.12
98.1,130.18901,33.146991,0.15,73.75,-29,26,-146,10,5.87084,33.14694112,130.1888614,22.65
98.25,130.18901,33.146991,0.15,73.75,-29,26,-146,10,5.6949,33.14693943,130.1888628,15.855
98.4,130.18901,33.146991,0.15,73.44,-30,25,-144,10,5.57452,33.14693772,130.1888642,13.59
98.55,130.189025,33.146987,0.15,73.44,-33,25,-141,10,5.2319,33.14693607,130.1888655,13.59
98.7,130.189025,33.146984,0.15,72.82,-35,27,-140,10,5.11152,33.1469345,130.1888667,13.59
98.85,130.189025,33.14698,0.15,72.82,-35,27,-140,10,5.15782,33.14693279,130.188868,11.325
99,130.189025,33.14698,0.15,72.82,-36,28,-140,10,5.093,33.14693117,130.1888692,9.06
99.15,130.189025,33.14698,0.15,72.44,-36,30,-142,10,4.9078,33.14692965,130.1888705,9.06
99.3,130.189025,33.14698,0.15,72.44,-36,30,-142,10,4.75964,33.14692817,130.1888718,9.06
99.45,130.189025,33.14698,0.15,72.44,-36,30,-142,10,4.6763,33.14692676,130.188873,11.325
99.6,130.189025,33.14698,0.15,72.44,-37,30,-143,10,4.5374,33.1469254,130.1888741,13.59
99.75,130.189025,33.14698,0.15,71.82,-39,31,-141,10,4.47258,33.14692416,130.1888752,9.06
99.9,130.189025,33.14698,0.15,71.07,-39,37,-141,10,4.37072,33.14692297,130.1888763,9.06
100.05,130.189025,33.14698,0.15,71.07,-39,37,-141,10,4.2596,33.14692184,130.1888773,6.795
100.2,130.189025,33.14698,0.15,71.07,-38,38,-142,10,4.09292,33.1469208,130.1888784,4.53
100.35,130.189025,33.14698,0.15,71.07,-38,38,-145,10,3.95402,33.14691976,130.1888794,6.795
100.5,130.189025,33.14698,0.15,70.75,-39,38,-145,10,3.85216,33.14691877,130.1888803,4.53
100.65,130.189025,33.14698,0.15,70.75,-39,38,-145,10,3.73178,33.14691794,130.1888811,4.53
100.8,130.189025,33.14698,0.15,70.75,-42,38,-141,10,3.6114,33.14691712,130.1888819,9.06
100.95,130.189071,33.146957,0.15,69.88,-43,34,-137,10,3.52806,33.14691618,130.1888826,9.06
101.1,130.189086,33.146953,0.15,69.13,-45,30,-132,10,3.4262,33.14691525,130.1888832,9.06
101.25,130.189086,33.146949,0.15,69.13,-45,30,-132,10,3.30582,33.1469143,130.1888838,13.59
101.4,130.189086,33.146949,0.15,69.13,-47,29,-130,10,3.16692,33.1469134,130.1888843,13.59
101.55,130.189086,33.146949,0.15,68.19,-51,28,-125,10,3.03728,33.14691244,130.188885,13.59
101.7,130.189086,33.146942,0.15,68.19,-54,25,-122,10,2.90764,33.14691142,130.1888855,4.53
101.85,130.189086,33.146942,0.15,68.19,-54,25,-122,10,2.76874,33.14691042,130.1888862,4.53
102,130.189086,33.146942,0.15,67.32,-55,24,-121,10,2.62984,33.14690947,130.1888869,4.53
102.15,130.189086,33.146942,0.15,67.32,-57,21,-118,10,2.5002,33.14690851,130.1888876,4.53
102.3,130.189086,33.146942,0.15,66.75,-60,18,-115,10,2.14832,33.14690762,130.1888882,4.53
102.45,130.189086,33.146942,0.15,66.75,-60,18,-115,10,1.78718,33.146907,130.1888887,4.53
102.6,130.189102,33.146942,0.15,66.75,-59,12,-113,10,1.2964,33.14690643,130.1888891,9.06
102.75,130.189102,33.146938,0.15,66.75,-64,7,-104,10,0.93526,33.14690598,130.1888894,4.53
102.9,130.189102,33.146938,0.15,66.75,-62,2,-107,10,0.42596,33.14690572,130.1888896,4.53
103.05,130.189102,33.146938,0.15,66.75,-62,2,-107,10,0.29632,33.1469056,130.1888896,4.53
103.2,130.189102,33.146938,0.15,66.63,-60,0,-107,10,0.20372,33.1469056,130.1888896,4.53
103.35,130.189102,33.146934,0.15,66.63,-59,-4,-103,10,0.1852,33.14690559,130.1888896,4.53
103.5,130.189102,33.146934,0.15,66.69,-57,-8,-100,10,0.12964,33.14690552,130.1888895,4.53
103.65,130.189102,33.146934,0.15,66.69,-57,-8,-100,10,0.16668,33.14690548,130.1888893,4.53
103.8,130.189102,33.146934,0.15,66.69,-56,-10,-98,10,0.20372,33.14690542,130.1888892,4.53
103.95,130.189102,33.146934,0.15,66.69,-54,-15,-96,10,0.0926,33.14690522,130.1888891,0
104.1,130.189102,33.146934,0.15,66.63,-54,-22,-94,10,0,33.146905,130.18888,0
